image,title,start_date,genres,num_list_users,media_type
https://cdn.myanimelist.net/images/anime/1637/148197l.jpg,Hell Teacher: Jigoku Sensei Nube,2025-07-02,"Comedy, Horror, School, Shounen, Supernatural",7730,tv
https://cdn.myanimelist.net/images/anime/1313/149355l.webp,Welcome to the Outcast's Restaurant!,2025-07-03,"Fantasy, Gourmet",4608,tv
https://cdn.myanimelist.net/images/anime/1721/149001l.jpg,Dan Da Dan Season 2,2025-07-04,"Action, Comedy, Shounen, Supernatural",159738,tv
https://cdn.myanimelist.net/images/anime/1790/149462l.jpg,Arknights: Rise from Ember,2025-07-04,"Action, Fantasy",12444,tv
https://cdn.myanimelist.net/images/anime/1860/148706l.jpg,Punirunes: Puni 3,2025-07-05,"Fantasy, Kids, Slice of Life",101,tv
https://cdn.myanimelist.net/images/anime/1669/149732l.jpg,Secrets of the Silent Witch,2025-07-05,"Fantasy, School",19003,tv
https://cdn.myanimelist.net/images/anime/1034/146540l.jpg,Busamen Gachi Fighter,2025-07-06,"Action, Adventure, Fantasy, Isekai, Seinen",3039,tv
https://cdn.myanimelist.net/images/anime/1943/149719l.jpg,Cultural Exchange With a Game Centre Girl,2025-07-06,"Comedy, Love Status Quo, Romance",8613,tv
https://cdn.myanimelist.net/images/anime/1896/148886l.jpg,Toilet-Bound Hanako-kun Season 2 Part 2,2025-07-06,"School, Shounen, Supernatural",14947,tv
https://cdn.myanimelist.net/images/anime/1154/149311l.jpg,Dekin no Mogura,2025-07-07,"Comedy, Mystery, Seinen, Supernatural",6409,tv
https://cdn.myanimelist.net/images/anime/1265/148526l.jpg,Binan Koukou Chikyuu Bouei-bu Haikara!,2025-07-07,"Comedy, Historical, Parody, School",1550,tv
https://cdn.myanimelist.net/images/anime/1981/149640l.jpg,City The Animation,2025-07-07,"Comedy, Gag Humor, Seinen",17661,tv
https://cdn.myanimelist.net/images/anime/1278/145814l.webp,Grand Blue Dreaming Season 2,2025-07-08,"Adult Cast, Comedy, Gag Humor, Seinen",62701,tv
https://cdn.myanimelist.net/images/anime/1154/149614l.webp,I Was Reincarnated as the 7th Prince so I Can Take My Time Perfecting My Magical Ability Season 2,2025-07-10,"Adventure, Fantasy, Reincarnation",37184,tv
https://cdn.myanimelist.net/images/anime/1449/147268l.webp,Solo Camping for Two,2025-07-11,"Adult Cast, Seinen, Slice of Life",4951,tv
https://cdn.myanimelist.net/images/anime/1235/148715l.webp,Tougen Anki,2025-07-11,"Action, Mythology, Shounen, Supernatural",26301,tv
https://cdn.myanimelist.net/images/anime/1758/148719l.webp,Sakamoto Days Part 2,2025-07-15,"Action, Adult Cast, Comedy, Organized Crime, Shounen",63347,tv
https://cdn.myanimelist.net/images/anime/1135/149006l.jpg,Tooi-san wa Seishun Shitai! Baka to Smartphone to Romance to,2025-07-18,"Comedy, School",247,movie
https://cdn.myanimelist.net/images/anime/1681/148216l.webp,Demon Slayer: Kimetsu no Yaiba Infinity Castle,2025-07-18,"Action, Historical, Shounen, Supernatural",141136,movie
https://cdn.myanimelist.net/images/anime/1540/149587l.jpg,Nobody,2025-08-02,Fantasy,147,movie
https://cdn.myanimelist.net/images/anime/1070/148160l.webp,Crayon Shin-chan Movie 33: Chou Karei! Shakunetsu no Kasukabe Dancers,2025-08-08,"Adventure, Comedy, Seinen",588,movie
https://cdn.myanimelist.net/images/anime/1288/148819l.jpg,ChaO,2025-08-15,"Fantasy, Romance, Urban Fantasy",1084,movie
https://cdn.myanimelist.net/images/anime/1061/148282l.jpg,As One,2025-08-22,"Action, Mecha, Sci-Fi",356,movie
https://cdn.myanimelist.net/images/anime/1258/148356l.jpg,Odekake Kozame Movie: Tokai no Otomodachi,2025-08-22,"Anthropomorphic, Slice of Life",672,movie
https://cdn.myanimelist.net/images/anime/1807/148457l.webp,Fushigi no Kuni de Alice to: Dive in Wonderland,2025-08-29,Fantasy,2109,movie
https://cdn.myanimelist.net/images/anime/1083/149740l.jpg,My Mentor is Wukong,2025-09-05,Fantasy,28,ona
https://cdn.myanimelist.net/images/anime/1159/149351l.jpg,You and Idol Precure♪ Movie,2025-09-12,"Action, Mahou Shoujo",845,movie
https://cdn.myanimelist.net/images/anime/1773/148746l.webp,Chainsaw Man the Movie: Reze Arc,2025-09-19,"Action, Fantasy, Gore, Shounen, Urban Fantasy",116878,movie
https://cdn.myanimelist.net/images/anime/1871/149453l.jpg,Osomatsu-san 4th Season,2025-07,"Comedy, Gag Humor, Parody",3301,tv
https://cdn.myanimelist.net/images/anime/1634/148186l.jpg,Hotel Inhumans,2025-07,"Action, Drama",3321,tv
https://cdn.myanimelist.net/images/anime/1189/149492l.jpg,"Food Court de, Mata Ashita.",2025-07,"CGDCT, Slice of Life",3393,tv
https://cdn.myanimelist.net/images/anime/1873/148170l.jpg,Pokemon Concierge Part 2,2025-09,"Fantasy, Workplace",3291,ona
https://cdn.myanimelist.net/images/anime/1862/148422l.jpg,Fermat no Ryouri,2025-07,"Gourmet, Shounen",3143,tv
https://cdn.myanimelist.net/images/anime/1584/146111l.jpg,Karaoke Iko!,2025-07,"Comedy, Music, Organized Crime",3104,tv
https://cdn.myanimelist.net/images/anime/1836/148551l.jpg,Cat's Eye,2025-09,"Action, Adventure, Comedy, Mystery, Romance, Shounen",3786,ona
https://cdn.myanimelist.net/images/anime/1393/147895l.jpg,The Stunned Hero and the Assassin Princesses,2025-07,"Action, Comedy, Fantasy, Shounen",4287,tv
https://cdn.myanimelist.net/images/anime/1323/149460l.jpg,Mattaku Saikin no Tantei to Kitara,2025-07,"Comedy, Detective, Mystery, Seinen",5800,tv
https://cdn.myanimelist.net/images/anime/1071/146842l.jpg,Nyaight of the Living Cat,2025-07,"Action, Horror, Shounen, Survival, Suspense",6368,tv
https://cdn.myanimelist.net/images/anime/1431/146723l.jpg,Private Tutor to the Duke's Daughter,2025-07,Fantasy,5665,tv
https://cdn.myanimelist.net/images/anime/1213/148653l.jpg,Turkey!,2025-07,Sports,5018,tv
https://cdn.myanimelist.net/images/anime/1278/149789l.webp,9: Ruler's Crown,2025-07,Super Power,2936,tv
https://cdn.myanimelist.net/images/anime/1230/146581l.jpg,Harmony of Mille-Feuille,2025-07,"Music, School",2380,tv
https://cdn.myanimelist.net/images/anime/1322/147849l.jpg,Nine Mountain: Paraghost,2025-08,"Fantasy, Horror, Suspense",285,movie
https://cdn.myanimelist.net/images/anime/1410/147428l.jpg,My Melody & Kuromi,2025-07,Fantasy,668,ona
https://cdn.myanimelist.net/images/anime/1314/146112l.jpg,"Muchuu sa, Kimi ni.",2025-07,"School, Slice of Life",2318,tv
https://cdn.myanimelist.net/images/anime/1243/148640l.jpg,Ginga Tokkyuu Milky Subway,2025-07,"Comedy, Sci-Fi, Space",1296,tv
https://cdn.myanimelist.net/images/anime/1595/132559l.jpg,Cardfight!! Vanguard: Divinez Deluxe Kesshou-hen,2025-07,"Action, Strategy Game",749,tv
https://cdn.myanimelist.net/images/anime/1353/146697l.jpg,Clevatess: Majuu no Ou to Akago to Shikabane no Yuusha,2025-07,"Action, Fantasy",6533,tv
https://cdn.myanimelist.net/images/anime/1672/148848l.jpg,Bad Girl,2025-07,"CGDCT, Comedy, School",7679,tv
https://cdn.myanimelist.net/images/anime/1543/143560l.jpg,Gachiakuta,2025-07,"Action, Fantasy, Shounen",52158,tv
https://cdn.myanimelist.net/images/anime/1335/148849l.jpg,Dr. Stone: Science Future Part 2,2025-07,"Adventure, Comedy, Sci-Fi, Shounen",55193,tv
https://cdn.myanimelist.net/images/anime/1104/148614l.jpg,The Summer Hikaru Died,2025-07,"Horror, Mystery, Supernatural",42716,tv
https://cdn.myanimelist.net/images/anime/1765/147511l.jpg,Rent-a-Girlfriend Season 4,2025-07,"Adult Cast, Comedy, Harem, Romance, Shounen",39683,tv
https://cdn.myanimelist.net/images/anime/1013/148711l.jpg,Kaoru Hana wa Rin to Saku,2025-07,"Drama, Romance, School",63016,tv
https://cdn.myanimelist.net/images/anime/1049/147109l.webp,Kaiju No. 8 Season 2,2025-07,"Action, Adult Cast, Fantasy, Military, Sci-Fi, Shounen, Urban Fantasy",115303,tv
https://cdn.myanimelist.net/images/anime/1509/148453l.jpg,Call of the Night Season 2,2025-07,"Romance, Shounen, Supernatural, Vampire",81987,tv
https://cdn.myanimelist.net/images/anime/1965/146621l.webp,Seishun Buta Yarou wa Santa Claus no Yume wo Minai,2025-07,"Drama, Romance, School, Supernatural",68141,tv
https://cdn.myanimelist.net/images/anime/1638/148142l.webp,The Rising of the Shield Hero Season 4,2025-07,"Action, Adventure, Drama, Fantasy, Isekai",75676,tv
https://cdn.myanimelist.net/images/anime/1933/149056l.jpg,A Couple of Cuckoos Season 2,2025-07,"Comedy, Harem, Romance, Shounen",24479,tv
https://cdn.myanimelist.net/images/anime/1209/149408l.jpg,"Reborn as a Vending Machine, I Now Wander the Dungeon Season 2",2025-07,"Comedy, Fantasy, Isekai, Reincarnation",21736,tv
https://cdn.myanimelist.net/images/anime/1513/145509l.webp,"Mikadono Sanshimai wa Angai, Choroi.",2025-07,"Comedy, Romance, Shounen",8775,tv
https://cdn.myanimelist.net/images/anime/1791/147016l.jpg,Betrothed to My Sister's Ex,2025-07,"Comedy, Josei, Romance",9235,tv
https://cdn.myanimelist.net/images/anime/1251/148434l.jpg,Watari-kun no xx ga Houkai Sunzen,2025-07,"Comedy, Drama, Romance, School, Seinen",9675,tv
https://cdn.myanimelist.net/images/anime/1864/148055l.webp,"Yuusha Party wo Tsuihou sareta Shiromadoushi, S-Rank Boukensha ni Hirowareru: Kono Shiromadoushi ga Kikakugai Sugiru",2025-07,"Adventure, Fantasy",8152,tv
https://cdn.myanimelist.net/images/anime/1506/147604l.jpg,Ame to Kimi to,2025-07,"Adult Cast, Pets, Seinen, Slice of Life",7894,tv
https://cdn.myanimelist.net/images/anime/1672/148193l.jpg,Busu ni Hanataba wo.,2025-07,"Comedy, Romance, School, Seinen",9854,tv
https://cdn.myanimelist.net/images/anime/1224/147443l.webp,Mizu Zokusei no Mahoutsukai,2025-07,"Action, Fantasy, Isekai, Reincarnation",10420,tv
https://cdn.myanimelist.net/images/anime/1170/147753l.jpg,Tsuyokute New Saga,2025-07,"Adventure, Fantasy, Time Travel",18622,tv
https://cdn.myanimelist.net/images/anime/1013/148555l.jpg,Apocalypse Bringer Mynoghra,2025-07,"Adventure, Fantasy, Isekai, Reincarnation",14277,tv
https://cdn.myanimelist.net/images/anime/1151/149730l.webp,My Dress-Up Darling Season 2,2025-07,"Otaku Culture, Romance, School, Seinen",187899,tv
