name,image,team,value,status,notable_achievement
Rin Itoshi,https://static.wikia.nocookie.net/bluelock/images/1/12/Rin_Itoshi.png,Paris X Gen,240000000,Qualified,Highest initial value: ¥100M
Yoichi Isagi,https://static.wikia.nocookie.net/bluelock/images/3/39/Yoichi_Isagi.png,Bastard München,240000000,Qualified,Highest total increase: +¥223M
Ryusei Shido,https://static.wikia.nocookie.net/bluelock/images/b/b3/Ryusei_Shido.png,Paris X Gen,160000000,Qualified,Highest single round increase: +¥144M (R3)
Shoei Baro,https://static.wikia.nocookie.net/bluelock/images/f/f0/Shoei_Baro.png,Ubers,150000000,Qualified,
Meguru Bachira,https://static.wikia.nocookie.net/bluelock/images/f/f5/Meguru_Bachira.png,FC Barcha,120000000,Qualified,
Hyoma Chigiri,https://static.wikia.nocookie.net/bluelock/images/f/f5/Hyoma_Chigiri.png,Manshine City,90000000,Qualified,
Reo Mikage,https://static.wikia.nocookie.net/bluelock/images/4/40/Reo_Mikage.png,Manshine City,78000000,Qualified,
Rensuke Kunigami,https://static.wikia.nocookie.net/bluelock/images/8/87/Rensuke_Kunigami.png,Bastard München,66000000,Qualified,
Eita Otoya,https://static.wikia.nocookie.net/bluelock/images/2/23/Eita_Otoya.png,FC Barcha,63000000,Qualified,
Oliver Aiku,https://static.wikia.nocookie.net/bluelock/images/f/fc/Oliver_Aiku.png,Ubers,60000000,Qualified,
Tabito Karasu,https://static.wikia.nocookie.net/bluelock/images/4/4b/Tabito_Karasu.png,Paris X Gen,55000000,Qualified,
Gin Gagamaru,https://static.wikia.nocookie.net/bluelock/images/7/79/Gin_Gagamaru.png,Bastard München,50000000,Qualified,
Jyubei Aryu,https://static.wikia.nocookie.net/bluelock/images/4/40/Jyubei_Aryu.png,Ubers,45000000,Qualified,
Kenyu Yukimiya,https://static.wikia.nocookie.net/bluelock/images/7/73/Kenyu_Yukimiya.png,Bastard München,42000000,Qualified,
Ikki Niko,https://static.wikia.nocookie.net/bluelock/images/a/a4/Ikki_Niko.png,Ubers,40000000,Qualified,
Yo Hiori,https://static.wikia.nocookie.net/bluelock/images/6/65/Yo_Hiori.png,Bastard München,39000000,Qualified,
Shuto Sendo,https://static.wikia.nocookie.net/bluelock/images/5/5c/Shuto_Sendo_Anime.png,Ubers,37000000,Qualified,
Ranze Kurona,https://static.wikia.nocookie.net/bluelock/images/a/ae/Ranze_Kurona.png,Bastard München,35000000,Qualified,
Zantetsu Tsurugi,https://static.wikia.nocookie.net/bluelock/images/5/5c/Zantetsu_Tsurugi_Anime.png,Paris X Gen,33000000,Qualified,Only played 1 match
Gen Fukaku,https://static.wikia.nocookie.net/bluelock/images/5/5c/Gen_Fukaku_Anime.png,Ubers,28000000,Qualified,
Jingo Raichi,https://static.wikia.nocookie.net/bluelock/images/5/5c/Jingo_Raichi_Anime.png,Bastard München,27000000,Qualified,
Jin Kiyora,https://static.wikia.nocookie.net/bluelock/images/5/5c/Jin_Kiyora_Anime.png,Bastard München,26000000,Qualified,
Nijiro Nanase,https://static.wikia.nocookie.net/bluelock/images/5/5c/Nijiro_Nanase_Anime.png,Paris X Gen,25000000,Qualified,
Seishiro Nagi,https://static.wikia.nocookie.net/bluelock/images/c/c9/Seishiro_Nagi.png,Manshine City,24000000,Eliminated,Largest decrease: -¥64M
Aoshi Tokimitsu,https://static.wikia.nocookie.net/bluelock/images/5/5c/Aoshi_Tokimitsu_Anime.png,Paris X Gen,22000000,Eliminated,
Haru Hayate,https://static.wikia.nocookie.net/bluelock/images/5/5c/Haru_Hayate_Anime.png,FC Barcha,20000000,Eliminated,
Kazuma Nio,https://static.wikia.nocookie.net/bluelock/images/5/5c/Kazuma_Nio_Anime.png,Manshine City,18000000,Eliminated,
Miroku Darai,https://static.wikia.nocookie.net/bluelock/images/5/5c/Miroku_Darai_Anime.png,FC Barcha,15000000,Eliminated,
Reiji Hiiragi,https://static.wikia.nocookie.net/bluelock/images/5/5c/Reiji_Hiiragi_Anime.png,Manshine City,11000000,Eliminated,
Junichi Wanima,https://static.wikia.nocookie.net/bluelock/images/5/5c/Junichi_Wanima_Anime.png,Manshine City,8200000,Eliminated,
Aiki Himizu,https://static.wikia.nocookie.net/bluelock/images/5/5c/Aiki_Himizu_Anime.png,FC Barcha,7000000,Eliminated,
Shizuka Haiji,https://static.wikia.nocookie.net/bluelock/images/5/5c/Shizuka_Haiji_Anime.png,FC Barcha,6000000,Eliminated,
Kento Cho,https://static.wikia.nocookie.net/bluelock/images/5/5c/Kento_Cho_Anime.png,Paris X Gen,5000000,Eliminated,
Itsuki Wakatsuki,https://static.wikia.nocookie.net/bluelock/images/5/5c/Itsuki_Wakatsuki_Anime.png,FC Barcha,5000000,Eliminated,
Teru Kitsunezato,https://static.wikia.nocookie.net/bluelock/images/5/5c/Teru_Kitsunezato_Anime.png,FC Barcha,4000000,Eliminated,
Hajime Nishioka,https://static.wikia.nocookie.net/bluelock/images/5/5c/Hajime_Nishioka_Anime.png,Manshine City,3000000,Eliminated,
Gurimu Igarashi,https://static.wikia.nocookie.net/bluelock/images/5/5c/Gurimu_Igarashi_Anime.png,Bastard München,3000000,Eliminated,




Kento Cho,https://static.wikia.nocookie.net/bluelock/images/1/1d/Kento_Cho.png,https://static.wikia.nocookie.net/bluelock/images/c/cf/Paris_X_Gen_Official_Logo.png,Paris X Gen,5000000,Eliminated,,#294c7f
Shizuka Haiji,https://static.wikia.nocookie.net/bluelock/images/9/9d/Shizuka_Haiji.png,https://static.wikia.nocookie.net/bluelock/images/4/4a/Barcha_Official_Logo.png,FC Barcha,6000000,Eliminated,,#a4a203
Aiki Himizu,https://static.wikia.nocookie.net/bluelock/images/7/74/Aiki_Himizu.png,https://static.wikia.nocookie.net/bluelock/images/4/4a/Barcha_Official_Logo.png,FC Barcha,7000000,Eliminated,,#a4a203
Junichi Wanima,https://static.wikia.nocookie.net/bluelock/images/2/2b/Junichi_Wanima.png,https://static.wikia.nocookie.net/bluelock/images/9/99/Manshine_City_Official_Logo.png,Manshine City,8200000,Eliminated,,#497f9e
Reiji Hiiragi,https://static.wikia.nocookie.net/bluelock/images/d/dd/Reiji_Hiiragi.png,https://static.wikia.nocookie.net/bluelock/images/9/99/Manshine_City_Official_Logo.png,Manshine City,11000000,Eliminated,,#497f9e
Miroku Darai,https://static.wikia.nocookie.net/bluelock/images/4/45/Miroku_Darai.png,https://static.wikia.nocookie.net/bluelock/images/4/4a/Barcha_Official_Logo.png,FC Barcha,15000000,Eliminated,,#a4a203
Kazuma Nio,https://static.wikia.nocookie.net/bluelock/images/0/0b/Kazuma_Nio.png,https://static.wikia.nocookie.net/bluelock/images/9/99/Manshine_City_Official_Logo.png,Manshine City,18000000,Eliminated,,#497f9e
Haru Hayate,https://static.wikia.nocookie.net/bluelock/images/4/49/Haru_Hayate.png,https://static.wikia.nocookie.net/bluelock/images/4/4a/Barcha_Official_Logo.png,FC Barcha,20000000,Eliminated,,#a4a203
Aoshi Tokimitsu,https://static.wikia.nocookie.net/bluelock/images/b/b4/Aoshi_Tokimitsu.png,https://static.wikia.nocookie.net/bluelock/images/c/cf/Paris_X_Gen_Official_Logo.png,Paris X Gen,22000000,Eliminated,,#294c7f
Seishiro Nagi,https://static.wikia.nocookie.net/bluelock/images/c/c9/Seishiro_Nagi.png,https://static.wikia.nocookie.net/bluelock/images/9/99/Manshine_City_Official_Logo.png,Manshine City,24000000,Eliminated,Largest decrease: -¥64M,#497f9e
Nijiro Nanase,https://static.wikia.nocookie.net/bluelock/images/8/86/Nijiro_Nanase.png,https://static.wikia.nocookie.net/bluelock/images/c/cf/Paris_X_Gen_Official_Logo.png,Paris X Gen,25000000,Qualified,,#294c7f
Jin Kiyora,https://static.wikia.nocookie.net/bluelock/images/a/a9/Jin_Kiyora.png,https://static.wikia.nocookie.net/bluelock/images/c/c2/Munchen_Official_Logo.png,Bastard München,26000000,Qualified,,#ac0002
Jingo Raichi,https://static.wikia.nocookie.net/bluelock/images/5/5c/Jingo_Raichi.png,https://static.wikia.nocookie.net/bluelock/images/c/c2/Munchen_Official_Logo.png,Bastard München,27000000,Qualified,,#ac0002
Gen Fukaku,https://static.wikia.nocookie.net/bluelock/images/4/44/Gen_Fukaku.png,https://static.wikia.nocookie.net/bluelock/images/5/5c/Ubers_Official_Logo.png,Ubers,28000000,Qualified,,#bbbbbb
Zantetsu Tsurugi,https://static.wikia.nocookie.net/bluelock/images/3/39/Zantetsu_Tsurugi.png,https://static.wikia.nocookie.net/bluelock/images/c/cf/Paris_X_Gen_Official_Logo.png,Paris X Gen,33000000,Qualified,Only played 1 match,#294c7f
Ranze Kurona,https://static.wikia.nocookie.net/bluelock/images/a/ae/Ranze_Kurona.png,https://static.wikia.nocookie.net/bluelock/images/c/c2/Munchen_Official_Logo.png,Bastard München,35000000,Qualified,,#ac0002
Shuto Sendo,https://static.wikia.nocookie.net/bluelock/images/1/19/Shuto_Sendo.png,https://static.wikia.nocookie.net/bluelock/images/5/5c/Ubers_Official_Logo.png,Ubers,37000000,Qualified,,#bbbbbb
Yo Hiori,https://static.wikia.nocookie.net/bluelock/images/6/65/Yo_Hiori.png,https://static.wikia.nocookie.net/bluelock/images/c/c2/Munchen_Official_Logo.png,Bastard München,39000000,Qualified,,#ac0002
Ikki Niko,https://static.wikia.nocookie.net/bluelock/images/a/a4/Ikki_Niko.png,https://static.wikia.nocookie.net/bluelock/images/5/5c/Ubers_Official_Logo.png,Ubers,40000000,Qualified,,#bbbbbb
Kenyu Yukimiya,https://static.wikia.nocookie.net/bluelock/images/7/73/Kenyu_Yukimiya.png,https://static.wikia.nocookie.net/bluelock/images/c/c2/Munchen_Official_Logo.png,Bastard München,42000000,Qualified,,#ac0002
Jyubei Aryu,https://static.wikia.nocookie.net/bluelock/images/4/40/Jyubei_Aryu.png,https://static.wikia.nocookie.net/bluelock/images/5/5c/Ubers_Official_Logo.png,Ubers,45000000,Qualified,,#bbbbbb
Gin Gagamaru,https://static.wikia.nocookie.net/bluelock/images/7/79/Gin_Gagamaru.png,https://static.wikia.nocookie.net/bluelock/images/c/c2/Munchen_Official_Logo.png,Bastard München,50000000,Qualified,,#ac0002
Tabito Karasu,https://static.wikia.nocookie.net/bluelock/images/4/4b/Tabito_Karasu.png,https://static.wikia.nocookie.net/bluelock/images/c/cf/Paris_X_Gen_Official_Logo.png,Paris X Gen,55000000,Qualified,,#294c7f
Oliver Aiku,https://static.wikia.nocookie.net/bluelock/images/f/fc/Oliver_Aiku.png,https://static.wikia.nocookie.net/bluelock/images/5/5c/Ubers_Official_Logo.png,Ubers,60000000,Qualified,,#bbbbbb
Eita Otoya,https://static.wikia.nocookie.net/bluelock/images/2/23/Eita_Otoya.png,https://static.wikia.nocookie.net/bluelock/images/4/4a/Barcha_Official_Logo.png,FC Barcha,63000000,Qualified,,#a4a203
Rensuke Kunigami,https://static.wikia.nocookie.net/bluelock/images/8/87/Rensuke_Kunigami.png,https://static.wikia.nocookie.net/bluelock/images/c/c2/Munchen_Official_Logo.png,Bastard München,66000000,Qualified,,#ac0002
Reo Mikage,https://static.wikia.nocookie.net/bluelock/images/4/40/Reo_Mikage.png,https://static.wikia.nocookie.net/bluelock/images/9/99/Manshine_City_Official_Logo.png,Manshine City,78000000,Qualified,,#497f9e
Hyoma Chigiri,https://static.wikia.nocookie.net/bluelock/images/f/f5/Hyoma_Chigiri.png,https://static.wikia.nocookie.net/bluelock/images/9/99/Manshine_City_Official_Logo.png,Manshine City,90000000,Qualified,,#497f9e
Meguru Bachira,https://static.wikia.nocookie.net/bluelock/images/f/f5/Meguru_Bachira.png,https://static.wikia.nocookie.net/bluelock/images/4/4a/Barcha_Official_Logo.png,FC Barcha,120000000,Qualified,,#a4a203
Shoei Baro,https://static.wikia.nocookie.net/bluelock/images/f/f0/Shoei_Baro.png,https://static.wikia.nocookie.net/bluelock/images/5/5c/Ubers_Official_Logo.png,Ubers,150000000,Qualified,,#bbbbbb
Ryusei Shido,https://static.wikia.nocookie.net/bluelock/images/b/b3/Ryusei_Shido.png,https://static.wikia.nocookie.net/bluelock/images/c/cf/Paris_X_Gen_Official_Logo.png,Paris X Gen,160000000,Qualified,Highest single round increase: +¥144M (R3),#294c7f
Yoichi Isagi,https://static.wikia.nocookie.net/bluelock/images/3/39/Yoichi_Isagi.png,https://static.wikia.nocookie.net/bluelock/images/c/c2/Munchen_Official_Logo.png,Bastard München,240000000,Qualified,Highest total increase: +¥223M,#ac0002
Rin Itoshi,https://static.wikia.nocookie.net/bluelock/images/1/12/Rin_Itoshi.png,https://static.wikia.nocookie.net/bluelock/images/c/cf/Paris_X_Gen_Official_Logo.png,Paris X Gen,240000000,Qualified,Highest initial value: ¥100M,#294c7f 




Oliver Aiku,https://static.wikia.nocookie.net/bluelock/images/f/fc/Oliver_Aiku.png,https://static.wikia.nocookie.net/bluelock/images/5/5c/Ubers_Official_Logo.png,Ubers,60000000,Qualified,0,#bbbbbb,0
Tabito Karasu,https://static.wikia.nocookie.net/bluelock/images/4/4b/Tabito_Karasu.png,https://static.wikia.nocookie.net/bluelock/images/c/cf/Paris_X_Gen_Official_Logo.png,Paris X Gen,55000000,Qualified,0,#294c7f,0
Gin Gagamaru,https://static.wikia.nocookie.net/bluelock/images/7/79/Gin_Gagamaru.png,https://static.wikia.nocookie.net/bluelock/images/c/c2/Munchen_Official_Logo.png,Bastard München,50000000,Qualified,0,#ac0002,0
Jyubei Aryu,https://static.wikia.nocookie.net/bluelock/images/4/40/Jyubei_Aryu.png,https://static.wikia.nocookie.net/bluelock/images/5/5c/Ubers_Official_Logo.png,Ubers,45000000,Qualified,0,#bbbbbb,0
Zantetsu Tsurugi,https://static.wikia.nocookie.net/bluelock/images/3/39/Zantetsu_Tsurugi.png,https://static.wikia.nocookie.net/bluelock/images/c/cf/Paris_X_Gen_Official_Logo.png,Paris X Gen,33000000,Qualified,0,#294c7f,0
Gen Fukaku,https://static.wikia.nocookie.net/bluelock/images/4/44/Gen_Fukaku.png,https://static.wikia.nocookie.net/bluelock/images/5/5c/Ubers_Official_Logo.png,Ubers,28000000,Qualified,0,#bbbbbb,0
Jingo Raichi,https://static.wikia.nocookie.net/bluelock/images/5/5c/Jingo_Raichi.png,https://static.wikia.nocookie.net/bluelock/images/c/c2/Munchen_Official_Logo.png,Bastard München,27000000,Qualified,0,#ac0002,0
Nijiro Nanase,https://static.wikia.nocookie.net/bluelock/images/8/86/Nijiro_Nanase.png,https://static.wikia.nocookie.net/bluelock/images/c/cf/Paris_X_Gen_Official_Logo.png,Paris X Gen,25000000,Qualified,0,#294c7f,0
Aoshi Tokimitsu,https://static.wikia.nocookie.net/bluelock/images/b/b4/Aoshi_Tokimitsu.png,https://static.wikia.nocookie.net/bluelock/images/c/cf/Paris_X_Gen_Official_Logo.png,Paris X Gen,22000000,Eliminated,0,#294c7f,0
Haru Hayate,https://static.wikia.nocookie.net/bluelock/images/4/49/Haru_Hayate.png,https://static.wikia.nocookie.net/bluelock/images/4/4a/Barcha_Official_Logo.png,FC Barcha,20000000,Eliminated,0,#a4a203,0
Kazuma Nio,https://static.wikia.nocookie.net/bluelock/images/0/0b/Kazuma_Nio.png,https://static.wikia.nocookie.net/bluelock/images/9/99/Manshine_City_Official_Logo.png,Manshine City,18000000,Eliminated,0,#497f9e,0
Miroku Darai,https://static.wikia.nocookie.net/bluelock/images/4/45/Miroku_Darai.png,https://static.wikia.nocookie.net/bluelock/images/4/4a/Barcha_Official_Logo.png,FC Barcha,15000000,Eliminated,0,#a4a203,0
Reiji Hiiragi,https://static.wikia.nocookie.net/bluelock/images/d/dd/Reiji_Hiiragi.png,https://static.wikia.nocookie.net/bluelock/images/9/99/Manshine_City_Official_Logo.png,Manshine City,11000000,Eliminated,0,#497f9e,0
Junichi Wanima,https://static.wikia.nocookie.net/bluelock/images/2/2b/Junichi_Wanima.png,https://static.wikia.nocookie.net/bluelock/images/9/99/Manshine_City_Official_Logo.png,Manshine City,8200000,Eliminated,0,#497f9e,0
Aiki Himizu,https://static.wikia.nocookie.net/bluelock/images/7/74/Aiki_Himizu.png,https://static.wikia.nocookie.net/bluelock/images/4/4a/Barcha_Official_Logo.png,FC Barcha,7000000,Eliminated,0,#a4a203,0
Shizuka Haiji,https://static.wikia.nocookie.net/bluelock/images/9/9d/Shizuka_Haiji.png,https://static.wikia.nocookie.net/bluelock/images/4/4a/Barcha_Official_Logo.png,FC Barcha,6000000,Eliminated,0,#a4a203,0
Kento Cho,https://static.wikia.nocookie.net/bluelock/images/1/1d/Kento_Cho.png,https://static.wikia.nocookie.net/bluelock/images/c/cf/Paris_X_Gen_Official_Logo.png,Paris X Gen,5000000,Eliminated,0,#294c7f,0
Itsuki Wakatsuki,https://static.wikia.nocookie.net/bluelock/images/a/af/Itsuki_Wakatsuki.png,https://static.wikia.nocookie.net/bluelock/images/4/4a/Barcha_Official_Logo.png,FC Barcha,5000000,Eliminated,0,#a4a203,0
Teru Kitsunezato,https://static.wikia.nocookie.net/bluelock/images/2/26/Teru_Kitsunezato.png,https://static.wikia.nocookie.net/bluelock/images/4/4a/Barcha_Official_Logo.png,FC Barcha,4000000,Eliminated,0,#a4a203,0
Hajime Nishioka,https://static.wikia.nocookie.net/bluelock/images/a/a6/Hajime_Nishioka_%28anime%29.png,https://static.wikia.nocookie.net/bluelock/images/9/99/Manshine_City_Official_Logo.png,Manshine City,3000000,Eliminated,0,#497f9e,0
Gurimu Igarashi,https://static.wikia.nocookie.net/bluelock/images/a/aa/Gurimu_Igarashi.png,https://static.wikia.nocookie.net/bluelock/images/c/c2/Munchen_Official_Logo.png,Bastard München,3000000,Eliminated,0,#ac0002,0









